"date","lat","lon","hour","radian.hour","datetime","solar"
2009-08-21,5.2851361,101.4328547,"20:58",5.48906049752217,"2009-08-21 20:58:00",5.23777478252086
2009-09-01,5.2672933,101.4775336,"23:06",6.04756585816035,"2009-09-01 23:06:00",5.97843200784932
2009-09-02,5.3013492,101.4298007,"5:25 ",1.41808001724539,"2009-09-02 05:25:00",1.18999721726886
2009-09-05,5.3157186,101.4526504,"22:42",5.94284610304069,"2009-09-05 22:42:00",5.84578857906629
2009-09-05,5.2851361,101.4328547,"23:35",6.17410222892994,"2009-09-05 23:35:00",6.14296067525717
2009-09-10,5.2672933,101.4775336,"0:08 ",0.0349065850398866,"2009-09-10 00:08:00",0.0294156615504662
2009-09-11,5.2859964,101.4879928,"1:59 ",0.519235452468313,"2009-09-11 01:59:00",0.437831268477341
2009-09-12,5.2672933,101.4775336,"6:33 ",1.71478599008443,"2009-09-12 06:33:00",1.44656814629266
2009-09-14,5.3157186,101.4526504,"22:02",5.76831317784126,"2009-09-14 22:02:00",5.63198270771198
2009-09-15,5.3283087,101.4385977,"2:02 ",0.53232542185827,"2009-09-15 02:02:00",0.449623787281064
2009-09-18,5.3195248,101.4739894,"21:06",5.52396708256205,"2009-09-18 21:06:00",5.33013633572967
2009-09-22,5.2672933,101.4775336,"21:20",5.58505360638185,"2009-09-22 21:20:00",5.41308867471573
2009-09-23,5.3792495,101.445761,"5:50 ",1.52716309549504,"2009-09-23 05:50:00",1.29537494061232
2009-09-24,5.2395611,101.4940545,"5:39 ",1.47916654106519,"2009-09-24 05:39:00",1.25589611977233
2009-09-25,5.2851361,101.4328547,"6:51 ",1.79332580642417,"2009-09-25 06:51:00",1.52251542405322
2009-09-26,5.2672933,101.4775336,"21:10",5.541420375082,"2009-09-26 21:10:00",5.36506471046261
2009-09-28,5.4369326,101.4626992,"6:16 ",1.64060949687467,"2009-09-28 06:16:00",1.39521891147261
2009-09-28,5.2756659,101.5141953,"7:04 ",1.85004900711399,"2009-09-28 07:04:00",1.57476882072416
2009-10-01,5.2851361,101.4328547,"1:49 ",0.475602221168455,"2009-10-01 01:49:00",0.404927393663328
2009-10-04,5.3013492,101.4298007,"6:12 ",1.62315620435473,"2009-10-04 06:12:00",1.38364473791634
2009-10-05,5.2859964,101.4879928,"18:36",4.86946861306418,"2009-10-05 18:36:00",4.58708741748647
2009-10-05,5.3733131,101.4696432,"21:49",5.71158997715144,"2009-10-05 21:49:00",5.58592099766313
2009-10-06,5.35184,101.4677697,"4:14 ",1.1082840750164,"2009-10-06 04:14:00",0.945791790934938
2009-10-09,5.2672933,101.4775336,"20:54",5.47160720500222,"2009-10-09 20:54:00",5.29884665778709
2009-10-12,5.2395611,101.4940545,"5:23 ",1.40935337098542,"2009-10-12 05:23:00",1.20538637154168
2009-10-12,5.2447071,101.502795,"18:36",4.86946861306418,"2009-10-12 18:36:00",4.59953826071389
2009-10-13,5.3937242,101.4335148,"1:34 ",0.410152374218667,"2009-10-13 01:34:00",0.350613079116797
2009-10-13,5.2672933,101.4775336,"6:24 ",1.67551608191456,"2009-10-13 06:24:00",1.43314249274757
2009-10-13,5.2709458,101.4986553,"18:58",4.96546172192387,"2009-10-13 18:58:00",4.69698723576565
2009-10-20,5.3223476,101.4066982,"0:11 ",0.0479965544298441,"2009-10-20 00:11:00",0.0410633174509697
2009-10-21,5.3435705,101.454207,"2:37 ",0.685041731407774,"2009-10-21 02:37:00",0.586364232154069
2009-10-21,5.3458513,101.4582315,"6:06 ",1.59697626557481,"2009-10-21 06:06:00",1.36699244417912
2009-10-21,5.3937242,101.4335148,"20:34",5.38434074240251,"2009-10-21 20:34:00",5.20785755313999
2009-10-23,5.3223476,101.4066982,"19:53",5.20544449407309,"2009-10-23 19:53:00",4.99540516871079
2009-10-24,5.2925818,101.4993067,"21:50",5.71595330028143,"2009-10-24 21:50:00",5.60671604100245
2009-10-25,5.3157186,101.4526504,"1:49 ",0.475602221168455,"2009-10-25 01:49:00",0.407061377233373
2009-10-26,5.2642079,101.5044401,"19:14",5.03527489200364,"2009-10-26 19:14:00",4.79716816357738
2009-10-27,5.2925818,101.4993067,"2:22 ",0.619591884457987,"2009-10-27 02:22:00",0.53044727325773
2009-10-28,5.3223476,101.4066982,"4:21 ",1.1388273369263,"2009-10-28 04:21:00",0.973896210214905
2009-10-30,5.4405408,101.5364893,"19:05",4.99600498383377,"2009-10-30 19:05:00",4.75554272562631
2009-10-31,5.4218157,101.5577397,"5:56 ",1.55334303427495,"2009-10-31 05:56:00",1.32916886029153
2009-11-01,5.2809571,101.450612,"4:51 ",1.26972703082587,"2009-11-01 04:51:00",1.08545153226892
2009-11-01,5.4221621,101.4638881,"5:01 ",1.31336026212573,"2009-11-01 05:01:00",1.12248572238815
2009-11-01,5.2809571,101.450612,"7:10 ",1.8762289458939,"2009-11-01 07:10:00",1.6097855200881
2009-11-01,5.2809571,101.450612,"19:11",5.02218492261368,"2009-11-01 19:11:00",4.78546132683077
2009-11-02,5.2672933,101.4775336,"21:26",5.61123354516177,"2009-11-02 21:26:00",5.48566027505777
2009-11-03,5.2672933,101.4775336,"20:30",5.36688744988256,"2009-11-03 20:30:00",5.19594987993196
2009-11-03,5.2938275,101.4871077,"22:01",5.76394985471127,"2009-11-03 22:01:00",5.66722057885602
2009-11-05,5.2672933,101.4775336,"21:52",5.7246799465414,"2009-11-05 21:52:00",5.62081690055878
2009-11-08,5.4721605,101.5034418,"6:45 ",1.76714586764426,"2009-11-08 06:45:00",1.50650632439184
2009-11-08,5.4218157,101.5577397,"19:27",5.09199809269346,"2009-11-08 19:27:00",4.87334180948641
2009-11-09,5.2672933,101.4775336,"21:12",5.55014702134197,"2009-11-09 21:12:00",5.41416077512182
2009-11-11,5.2672933,101.4775336,"4:30 ",1.17809724509617,"2009-11-11 04:30:00",1.00307069628591
2009-11-13,5.2615121,101.4938713,"19:27",5.09199809269346,"2009-11-13 19:27:00",4.87063280468711
2009-11-13,5.2851361,101.4328547,"19:40",5.14872129338327,"2009-11-13 19:40:00",4.93693639508199
2009-11-14,5.4440777,101.5050598,"19:39",5.14435797025329,"2009-11-14 19:39:00",4.93368615874816
2009-11-17,5.4368948,101.5224077,"5:38 ",1.47480321793521,"2009-11-17 05:38:00",1.25056921082717
2009-11-17,5.4405408,101.5364893,"20:45",5.43233729683235,"2009-11-17 20:45:00",5.27433000589506
2009-11-25,5.2976302,101.4191332,"21:10",5.541420375082,"2009-11-25 21:10:00",5.39739790485164
2009-11-26,5.2615121,101.4938713,"19:23",5.07454480017351,"2009-11-26 19:23:00",4.83979309446708
2009-11-26,5.4721605,101.5034418,"22:33",5.90357619487082,"2009-11-26 22:33:00",5.83039626162934
2009-11-27,5.4221621,101.4638881,"4:17 ",1.12137404440636,"2009-11-27 04:17:00",0.942221159963329
2009-11-27,5.4721605,101.5034418,"19:58",5.22726110972302,"2009-11-27 19:58:00",5.02265901862747
2009-11-28,5.2709458,101.4986553,"1:15 ",0.327249234748937,"2009-11-28 01:15:00",0.274945873840952
2009-11-28,5.2642079,101.5044401,"6:16 ",1.64060949687467,"2009-11-28 06:16:00",1.3785025530981
2009-11-28,5.2615121,101.4938713,"8:12 ",2.14675497995302,"2009-11-28 08:12:00",1.85153909705823
2009-11-29,5.3458513,101.4582315,"6:32 ",1.71042266695444,"2009-11-29 06:32:00",1.4346508856095
2009-11-29,5.2672933,101.4775336,"18:06",4.7385689191646,"2009-11-29 18:06:00",4.4761025343797
2009-11-30,5.3223476,101.4066982,"23:30",6.15228561328001,"2009-11-30 23:30:00",6.12614057332984
2009-12-03,5.3196321,101.4844926,"6:33 ",1.71478599008443,"2009-12-03 06:33:00",1.43291335780199
2009-12-04,5.2851361,101.4328547,"19:57",5.22289778659303,"2009-12-04 19:57:00",5.00565920439219
2009-12-05,5.2859964,101.4879928,"5:10 ",1.35263017029561,"2009-12-05 05:10:00",1.12806222696467
2009-12-05,5.2859964,101.4879928,"19:12",5.02654824574367,"2009-12-05 19:12:00",4.76840431900972
2009-12-05,5.3196321,101.4844926,"20:30",5.36688744988256,"2009-12-05 20:30:00",5.17884239245937
2009-12-06,5.3196321,101.4844926,"4:05 ",1.06901416684653,"2009-12-06 04:05:00",0.890432901584335
2009-12-07,5.4405408,101.5364893,"5:02 ",1.31772358525572,"2009-12-07 05:02:00",1.09641099543619
2009-12-07,5.4405408,101.5364893,"8:51 ",2.31692458202247,"2009-12-07 08:51:00",2.00652346321512
2009-12-07,5.2709458,101.4986553,"16:10",4.23242343608625,"2009-12-07 16:10:00",3.95047546364134
2009-12-07,5.4405408,101.5364893,"20:06",5.2621676947629,"2009-12-07 20:06:00",5.05118818812477
2009-12-08,5.2756659,101.5141953,"8:19 ",2.17729824186293,"2009-12-08 08:19:00",1.86327951062689
2009-12-08,5.2859964,101.4879928,"19:54",5.20980781720307,"2009-12-08 19:54:00",4.98438110665902
2009-12-08,5.4369326,101.4626992,"20:28",5.35816080362259,"2009-12-08 20:28:00",5.16445466457986
2009-12-08,5.4218157,101.5577397,"21:00",5.49778714378214,"2009-12-08 21:00:00",5.33443521885204
2009-12-09,5.3937242,101.4335148,"19:59",5.231624432853,"2009-12-09 19:59:00",5.00885211118238
2009-12-10,5.4258658,101.4597997,"6:01 ",1.57515964992488,"2009-12-10 06:01:00",1.30543101094952
2009-12-10,5.2642079,101.5044401,"7:49 ",2.04639854796335,"2009-12-10 07:49:00",1.72610438466973
2009-12-10,5.4440777,101.5050598,"18:52",4.93928178314395,"2009-12-10 18:52:00",4.66377718549093
2009-12-11,5.2938275,101.4871077,"7:06 ",1.85877565337396,"2009-12-11 07:06:00",1.5399491451702
2009-12-11,5.4405408,101.5364893,"8:32 ",2.23402144255274,"2009-12-11 08:32:00",1.91398434861763
2009-12-13,5.4440777,101.5050598,"19:13",5.03091156887365,"2009-12-13 19:13:00",4.7589481412037
2009-12-13,5.4369326,101.4626992,"21:24",5.6025068989018,"2009-12-13 21:24:00",5.45416621392894
2009-12-14,5.2642079,101.5044401,"21:07",5.52833040569204,"2009-12-14 21:07:00",5.36200644434732
2009-12-16,5.2859964,101.4879928,"0:29 ",0.126536370769589,"2009-12-16 00:29:00",0.10425241669997
2009-12-16,5.2395611,101.4940545,"4:45 ",1.24354709204596,"2009-12-16 04:45:00",1.02478414361118
2009-12-16,5.2363296,101.4974904,"5:15 ",1.37444678594553,"2009-12-16 05:15:00",1.1326993733851
2009-12-17,5.4440777,101.5050598,"9:38 ",2.52200076913181,"2009-12-17 09:38:00",2.19321661043596
2009-12-19,5.4440777,101.5050598,"23:36",6.17846555205993,"2009-12-19 23:36:00",6.15452671491608
2009-12-26,5.2672933,101.4775336,"20:43",5.42361065057238,"2009-12-26 20:43:00",5.21317536119551
2009-12-27,5.2851361,101.4328547,"5:11 ",1.35699349342559,"2009-12-27 05:11:00",1.1042026542849
2009-12-27,5.2672933,101.4775336,"9:30 ",2.48709418409192,"2009-12-27 09:30:00",2.13700072833033
2009-12-28,5.2709458,101.4986553,"5:13 ",1.36572013968556,"2009-12-28 05:13:00",1.11088514468869
2009-12-28,5.2447071,101.502795,"23:34",6.16973890579995,"2009-12-28 23:34:00",6.14150848769531
2009-12-29,5.2666182,101.4583964,"0:00 ",0,"2009-12-29",0
2009-12-29,5.2363296,101.4974904,"2:53 ",0.754854901487548,"2009-12-29 02:53:00",0.61347226548766
2009-12-29,5.2395611,101.4940545,"3:11 ",0.833394717827292,"2009-12-29 03:11:00",0.677276267168423
2009-12-29,5.2938275,101.4871077,"19:13",5.03091156887365,"2009-12-29 19:13:00",4.71666461757467
2009-12-30,5.2709458,101.4986553,"20:33",5.37997741927252,"2009-12-30 20:33:00",5.15142464011887
2009-12-31,5.3937242,101.4335148,"23:08",6.05629250442032,"2009-12-31 23:08:00",5.99833296544171
2010-01-01,5.2672933,101.4775336,"0:05 ",0.0218166156499291,"2010-01-01 00:05:00",0.0176732259990425
2010-01-01,5.2666182,101.4583964,"5:15 ",1.37444678594553,"2010-01-01 05:15:00",1.11324623430417
2010-01-01,5.2756659,101.5141953,"8:27 ",2.21220482690281,"2010-01-01 08:27:00",1.84863178056976
2010-01-01,5.3885556,101.4655582,"21:25",5.60687022203178,"2010-01-01 21:25:00",5.43301910574837
2010-01-03,5.2672933,101.4775336,"1:31 ",0.39706240482871,"2010-01-03 01:31:00",0.321062701467455
2010-01-03,5.2395611,101.4940545,"20:24",5.34070751110265,"2010-01-03 20:24:00",5.09379991367282
2010-01-03,5.2363296,101.4974904,"20:41",5.41488400431241,"2010-01-03 20:41:00",5.18740894927289
2010-01-04,5.2672933,101.4775336,"18:55",4.95237175253391,"2010-01-04 18:55:00",4.62274092096171
2010-01-09,5.4218157,101.5577397,"6:39 ",1.74096592886434,"2010-01-09 06:39:00",1.40086663922924
2010-01-09,5.4606835,101.5470023,"20:21",5.32761754171269,"2010-01-09 20:21:00",5.06747887920898
2010-01-09,5.4606835,101.5470023,"21:37",5.65923009959161,"2010-01-09 21:37:00",5.48936786791111
2010-01-09,5.4606835,101.5470023,"23:10",6.0650191506803,"2010-01-09 23:10:00",6.00562676198082
2010-01-10,5.4218157,101.5577397,"7:56 ",2.07694180987325,"2010-01-10 07:56:00",1.6959082421796
2010-01-10,5.3009255,101.4380877,"19:47",5.17926455529317,"2010-01-10 19:47:00",4.87300799091331
2010-01-10,5.4629376,101.5091117,"20:41",5.41488400431241,"2010-01-10 20:41:00",5.17615495999914
2010-01-11,5.4606835,101.5470023,"5:18 ",1.38753675533549,"2010-01-11 05:18:00",1.1145702460114
2010-01-13,5.2733732,101.4473891,"20:04",5.25344104850293,"2010-01-13 20:04:00",4.96143132646793
2010-01-13,5.4440777,101.5050598,"21:31",5.6330501608117,"2010-01-13 21:31:00",5.45017313719819
2010-01-13,5.2990099,101.4026353,"23:23",6.12174235137011,"2010-01-13 23:23:00",6.07586260530773
2010-01-14,5.4606835,101.5470023,"4:58 ",1.30027029273578,"2010-01-14 04:58:00",1.04237820379649
2010-01-14,5.2709458,101.4986553,"6:37 ",1.73223928260437,"2010-01-14 06:37:00",1.38898093786675
2010-01-16,5.2709458,101.4986553,"2:44 ",0.715584993317675,"2010-01-16 02:44:00",0.573083528814719
2010-01-16,5.4606835,101.5470023,"4:33 ",1.19118721448613,"2010-01-16 04:33:00",0.953762235715625
2010-01-16,5.4629376,101.5091117,"19:48",5.18362787842316,"2010-01-16 19:48:00",4.86803661736615
2010-01-16,5.3223476,101.4066982,"21:58",5.75085988532132,"2010-01-16 21:58:00",5.59655989740181
2010-01-16,5.4218157,101.5577397,"22:33",5.90357619487082,"2010-01-16 22:33:00",5.79485484289102
2010-01-17,5.4218157,101.5577397,"0:08 ",0.0349065850398866,"2010-01-17 00:08:00",0.0279397553124416
2010-01-17,5.4606835,101.5470023,"1:34 ",0.410152374218667,"2010-01-17 01:34:00",0.328219149493302
2010-01-17,5.2745127,101.484031,"8:04 ",2.11184839491314,"2010-01-17 08:04:00",1.7217105608865
2010-01-17,5.2363296,101.4974904,"22:48",5.96902604182061,"2010-01-17 22:48:00",5.87769739969504
2010-01-18,5.4218157,101.5577397,"6:07 ",1.6013395887048,"2010-01-18 06:07:00",1.28107167096384
2010-01-18,5.4109787,101.487992,"6:10 ",1.61442955809475,"2010-01-18 06:10:00",1.29082652063101
2010-01-18,5.4218157,101.5577397,"6:25 ",1.67987940504454,"2010-01-18 06:25:00",1.34390352403563
2010-01-18,5.4606835,101.5470023,"6:54 ",1.80641577581413,"2010-01-18 06:54:00",1.44481155141766
2010-01-19,5.3885556,101.4655582,"7:20 ",1.91986217719376,"2010-01-19 07:20:00",1.53407158284201
2010-01-19,5.2925818,101.4993067,"8:06 ",2.12057504117311,"2010-01-19 08:06:00",1.72857137655472
2010-01-19,5.2463252,101.4921557,"18:17",4.78656547359445,"2010-01-19 18:17:00",4.42596696163937
2010-01-19,5.3885556,101.4655582,"20:09",5.27525766415286,"2010-01-19 20:09:00",4.97897173925427
2010-01-19,5.4546703,101.5210511,"21:57",5.74649656219133,"2010-01-19 21:57:00",5.58952345391568
2010-01-20,5.2733732,101.4473891,"6:04 ",1.58824961931484,"2010-01-20 06:04:00",1.26876703196126
2010-01-20,5.2463252,101.4921557,"19:50",5.19235452468313,"2010-01-20 19:50:00",4.86924238219618
2010-01-22,5.2629193,101.5121226,"0:24 ",0.10471975511966,"2010-01-22 00:24:00",0.0836333177026049
2010-01-22,5.4750182,101.4945023,"19:32",5.11381470834339,"2010-01-22 19:32:00",4.76525231830567
2010-01-22,5.2463252,101.4921557,"21:33",5.64177680707167,"2010-01-22 21:33:00",5.4495858124545
2010-01-23,5.3120092,101.465391,"9:27 ",2.47400421470196,"2010-01-23 09:27:00",2.08168835716618
2010-01-23,5.2629193,101.5121226,"19:16",5.04400153826361,"2010-01-23 19:16:00",4.68041366967757
2010-01-24,5.2745127,101.484031,"21:25",5.60687022203178,"2010-01-24 21:25:00",5.4019930138274
2010-01-24,5.2639121,101.4872106,"21:58",5.75085988532132,"2010-01-24 21:58:00",5.58960169563786
2010-01-24,5.2717893,101.4743594,"22:33",5.90357619487082,"2010-01-24 22:33:00",5.78852092337955
2010-01-25,5.4629376,101.5091117,"23:32",6.16101225953998,"2010-01-25 23:32:00",6.12402138504355
2010-01-26,5.2480016,101.4367833,"1:02 ",0.270526034059121,"2010-01-26 01:02:00",0.215638140662669
2010-01-27,5.3133017,101.4858406,"20:03",5.24907772537295,"2010-01-27 20:03:00",4.93132887874507
2010-01-27,5.314201,101.4551586,"22:32",5.89921287174083,"2010-01-27 22:32:00",5.78101743327083
2010-01-30,5.2815555,101.5016007,"8:05 ",2.11621171804312,"2010-01-30 08:05:00",1.71708411697887
2010-01-31,5.4606835,101.5470023,"1:36 ",0.418879020478639,"2010-01-31 01:36:00",0.333718900941967
2010-02-03,5.4440777,101.5050598,"0:36 ",0.15707963267949,"2010-02-03 00:36:00",0.12509383423209
2010-02-04,5.3009255,101.4380877,"3:27 ",0.903207887907066,"2010-02-04 03:27:00",0.719130464771743
2010-02-08,5.2629193,101.5121226,"23:28",6.14355896702004,"2010-02-08 23:28:00",6.09879248818679
2010-02-13,5.2815555,101.5016007,"19:21",5.06581815391354,"2010-02-13 19:21:00",4.68127976442864
2010-02-15,5.2629193,101.5121226,"20:20",5.32325421858271,"2010-02-15 20:20:00",5.01144147047126
2010-02-18,5.2463252,101.4921557,"7:36 ",1.98967534727354,"2010-02-18 07:36:00",1.59623461908748
2010-02-18,5.380224,101.4199801,"18:53",4.94364510627394,"2010-02-18 18:53:00",4.5561405340274
2010-02-19,5.2925818,101.4993067,"23:54",6.25700536839967,"2010-02-19 23:54:00",6.24846944508577
2010-02-20,5.3808939,101.4367284,"22:26",5.87303293296092,"2010-02-20 22:26:00",5.7388690572949
2010-02-22,5.2480016,101.4367833,"3:17 ",0.859574656607207,"2010-02-22 03:17:00",0.688526758982262
2010-02-24,5.3678756,101.4334159,"20:10",5.27962098728285,"2010-02-24 20:10:00",4.95118399774309
2010-02-27,5.2815555,101.5016007,"19:47",5.17926455529317,"2010-02-27 19:47:00",4.81969250408951
2010-02-27,5.4652264,101.5291782,"20:14",5.29707427980279,"2010-02-27 20:14:00",4.97683767201621
2010-02-27,5.3120092,101.465391,"20:28",5.35816080362259,"2010-02-27 20:28:00",5.056256889812
2010-02-28,5.314201,101.4551586,"3:06 ",0.811578102177363,"2010-02-28 03:06:00",0.652768088141167
2010-03-03,5.2629193,101.5121226,"1:28 ",0.383972435438753,"2010-03-03 01:28:00",0.309747707106254
2010-03-03,5.2709458,101.4986553,"3:29 ",0.911934534167037,"2010-03-03 03:29:00",0.735540923749365
2010-03-03,5.4558748,101.5112786,"21:25",5.60687022203178,"2010-03-03 21:25:00",5.38778807523398
2010-03-05,5.375313,101.4193724,"19:41",5.15308461651326,"2010-03-05 19:41:00",4.78572043273061
2010-03-06,5.2463252,101.4921557,"0:45 ",0.196349540849362,"2010-03-06 00:45:00",0.158767269956434
2010-03-06,5.2480016,101.4367833,"1:48 ",0.471238898038469,"2010-03-06 01:48:00",0.380856102582913
2010-03-06,5.4699782,101.4663839,"3:08 ",0.820304748437335,"2010-03-06 03:08:00",0.66302135033103
2010-03-06,5.375313,101.4193724,"7:30 ",1.96349540849362,"2010-03-06 07:30:00",1.59014146605939
2010-03-07,5.2925818,101.4993067,"22:14",5.82067305540109,"2010-03-07 22:14:00",5.67144906087406
2010-03-09,5.2745127,101.484031,"0:48 ",0.20943951023932,"2010-03-09 00:48:00",0.169790325070158
2010-03-09,5.4826549,101.5513501,"21:54",5.73340659280137,"2010-03-09 21:54:00",5.55736046575367
2010-03-10,5.2925818,101.4993067,"0:10 ",0.0436332312998582,"2010-03-10 00:10:00",0.0354115271868096
2010-03-10,5.2815555,101.5016007,"18:22",4.80838208924438,"2010-03-10 18:22:00",4.42833495683875
2010-03-11,5.2363296,101.4974904,"17:08",4.48549617762543,"2010-03-11 17:08:00",4.10787225633543
2010-03-13,5.3478179,101.467006,"3:36 ",0.942477796076938,"2010-03-13 03:36:00",0.766848246327715
2010-03-13,5.3009255,101.4380877,"5:44 ",1.50098315671512,"2010-03-13 05:44:00",1.22095489135523
2010-03-13,5.3478179,101.467006,"5:55 ",1.54897971114497,"2010-03-13 05:55:00",1.26032929373305
2010-03-13,5.2745127,101.484031,"21:32",5.63741348394168,"2010-03-13 21:32:00",5.43125399453446
2010-03-13,5.2717893,101.4743594,"22:25",5.86866960983093,"2010-03-13 22:25:00",5.73627069825338
2010-03-14,5.2709458,101.4986553,"21:47",5.70286333089147,"2010-03-14 21:47:00",5.51815908271677
2010-03-15,5.4441306,101.5287998,"4:02 ",1.05592419745657,"2010-03-15 04:02:00",0.861327895206265
2010-03-15,5.4017688,101.4752017,"19:45",5.1705379090332,"2010-03-15 19:45:00",4.81676369512504
2010-03-16,5.2363296,101.4974904,"18:05",4.73420559603462,"2010-03-16 18:05:00",4.35902565207476
2010-03-16,5.4826549,101.5513501,"20:33",5.37997741927252,"2010-03-16 20:33:00",5.09482626601539
2010-03-18,5.2629193,101.5121226,"2:33 ",0.667588438887831,"2010-03-18 02:33:00",0.546167346412285
2010-03-18,5.3171843,101.4999589,"5:56 ",1.55334303427495,"2010-03-18 05:56:00",1.2706763696398
2010-03-18,5.2717893,101.4743594,"20:12",5.28834763354282,"2010-03-18 20:12:00",4.97426810241902
2010-03-18,5.2342903,101.5110652,"20:23",5.33634418797266,"2010-03-18 20:23:00",5.03802438329103
2010-03-18,5.2815555,101.5016007,"21:26",5.61123354516177,"2010-03-18 21:26:00",5.39941510322265
2010-03-19,5.4826549,101.5513501,"21:09",5.53705705195201,"2010-03-19 21:09:00",5.30316886978733
2010-03-19,5.2629193,101.5121226,"21:24",5.6025068989018,"2010-03-19 21:24:00",5.38859123241231
2010-03-22,5.4215936,101.5248222,"18:55",4.95237175253391,"2010-03-22 18:55:00",4.58051450472132
2010-03-23,5.4558748,101.5112786,"0:00 ",0,"2010-03-23",0
2010-03-23,5.4558748,101.5112786,"2:38 ",0.68940505453776,"2010-03-23 02:38:00",0.566979484389873
2010-03-25,5.380224,101.4199801,"7:51 ",2.05512519422332,"2010-03-25 07:51:00",1.71667447340176
2010-03-25,5.4252929,101.5427486,"19:10",5.0178215994837,"2010-03-25 19:10:00",4.6478273353536
2010-03-25,5.2745127,101.484031,"22:56",6.00393262686049,"2010-03-25 22:56:00",5.91737428802182
2010-03-29,5.375313,101.4193724,"6:45 ",1.76714586764426,"2010-03-29 06:45:00",1.46134574047152
2010-03-29,5.4558748,101.5112786,"23:07",6.05192918129034,"2010-03-29 23:07:00",5.98105427716641
2010-03-31,5.2363296,101.4974904,"18:40",4.88692190558412,"2010-03-31 18:40:00",4.5225219601086
2010-04-03,5.4017688,101.4752017,"20:22",5.33198086484268,"2010-04-03 20:22:00",5.0434570772588
2010-04-04,5.4252929,101.5427486,"3:58 ",1.03847090493663,"2010-04-04 03:58:00",0.865192144821072
2010-04-08,5.4821221,101.4962292,"18:17",4.78656547359445,"2010-04-08 18:17:00",4.4291874583824
2010-04-10,5.2976302,101.4191332,"21:53",5.72904326967139,"2010-04-10 21:53:00",5.56304403949551
2010-04-10,5.465888,101.5416471,"22:17",5.83376302479105,"2010-04-10 22:17:00",5.69994081669698
2010-04-11,5.2925818,101.4993067,"8:16 ",2.16420827247297,"2010-04-11 08:16:00",1.85631775050601
2010-04-12,5.3223476,101.4066982,"4:26 ",1.16064395257623,"2010-04-12 04:26:00",0.973248549075917
2010-04-13,5.4215936,101.5248222,"20:04",5.25344104850293,"2010-04-13 20:04:00",4.94826296968014
2010-04-13,5.465888,101.5416471,"21:16",5.56760031386191,"2010-04-13 21:16:00",5.35563874839047
2010-04-14,5.465888,101.5416471,"7:03 ",1.845685683984,"2010-04-14 07:03:00",1.55280870818939
2010-04-15,5.4086327,101.4378644,"3:15 ",0.850848010347236,"2010-04-15 03:15:00",0.715722292370912
2010-04-15,5.3223476,101.4066982,"6:46 ",1.77150919077424,"2010-04-15 06:46:00",1.48953242713705
2010-04-16,5.4821221,101.4962292,"19:12",5.02654824574367,"2010-04-16 19:12:00",4.66892497370102
2010-04-22,5.4558748,101.5112786,"3:43 ",0.973021057986839,"2010-04-22 03:43:00",0.823818393403721
2010-04-22,5.4248369,101.5645706,"5:24 ",1.41371669411541,"2010-04-22 05:24:00",1.19745424073145
2010-04-23,5.4017688,101.4752017,"6:06 ",1.59697626557481,"2010-04-23 06:06:00",1.35246764698749
2010-04-24,5.4086327,101.4378644,"21:36",5.65486677646163,"2010-04-24 21:36:00",5.46987672783591
2010-04-24,5.4558748,101.5112786,"21:49",5.71158997715144,"2010-04-24 21:49:00",5.5439649067121
2010-04-25,5.4558748,101.5112786,"2:05 ",0.545415391248228,"2010-04-25 02:05:00",0.462779292570284
2010-04-30,5.4826549,101.5513501,"4:59 ",1.30463361586576,"2010-04-30 04:59:00",1.11093929286054
2010-05-03,5.4826549,101.5513501,"16:41",4.36768645311581,"2010-05-03 16:41:00",4.03017290120018
2010-05-03,5.4821221,101.4962292,"21:04",5.51524043630208,"2010-05-03 21:04:00",5.28943924853149
2010-05-07,5.4821221,101.4962292,"6:35 ",1.7235126363444,"2010-05-07 06:35:00",1.47174828800313
2010-05-07,5.4821221,101.4962292,"9:22 ",2.45218759905203,"2010-05-07 09:22:00",2.16654491116723
2010-05-07,5.4821221,101.4962292,"19:57",5.22289778659303,"2010-05-07 19:57:00",4.90990411483866
2010-05-08,5.4821221,101.4962292,"7:34 ",1.98094870101356,"2010-05-08 07:34:00",1.70899162499187
2010-05-10,5.3223476,101.4066982,"4:24 ",1.15191730631626,"2010-05-10 04:24:00",0.98337735421829
2010-05-10,5.4652264,101.5291782,"20:33",5.37997741927252,"2010-05-10 20:33:00",5.11293215027283
2010-05-10,5.2976302,101.4191332,"21:26",5.61123354516177,"2010-05-10 21:26:00",5.41183043778024
2010-05-11,5.3949944,101.4227074,"21:03",5.5108771131721,"2010-05-11 21:03:00",5.28097100915845
2010-05-12,5.4699782,101.4663839,"14:47",3.87026761629743,"2010-05-12 14:47:00",3.54474111754156
2010-05-13,5.2334133,101.4522898,"4:14 ",1.1082840750164,"2010-05-13 04:14:00",0.946989043093248
2010-05-14,5.2990099,101.4026353,"0:18 ",0.0785398163397448,"2010-05-14 00:18:00",0.0671068051004149
2010-05-16,5.3223476,101.4066982,"23:50",6.23955207587973,"2010-05-16 23:50:00",6.2264437180118
2010-08-20,5.6815734,101.6041874,"1:32 ",0.401425727958696,"2010-08-20 01:32:00",0.336129466735456
2010-08-20,5.6815734,101.6041874,"21:02",5.50651379004211,"2010-08-20 21:02:00",5.26025208948632
2010-08-22,5.71391053,101.6134423,"2:21 ",0.615228561328001,"2010-08-22 02:21:00",0.515474667365587
2010-08-22,5.72713432,101.4576553,"4:53 ",1.27845367708585,"2010-08-22 04:53:00",1.0696285170645
2010-08-23,5.74399402,101.5159516,"1:42 ",0.445058959258554,"2010-08-23 01:42:00",0.372665278337136
2010-08-25,5.72713432,101.4576553,"2:23 ",0.623955207587973,"2010-08-25 02:23:00",0.522462105904024
2010-08-25,5.69999054,101.5470401,"4:16 ",1.11701072127637,"2010-08-25 04:16:00",0.936042503862881
2010-08-27,5.79226959,101.5613554,"0:36 ",0.15707963267949,"2010-08-27 00:36:00",0.131753652760057
2010-08-30,5.72713432,101.4576553,"0:40 ",0.174532925199433,"2010-08-30 00:40:00",0.146387263010436
2010-08-30,5.75738813,101.4317233,"7:33 ",1.97658537788358,"2010-08-30 07:33:00",1.67225079851848
2010-09-02,5.77990352,101.466649,"21:20",5.58505360638185,"2010-09-02 21:20:00",5.38032069592159
2010-09-04,5.72713432,101.4576553,"22:56",6.00393262686049,"2010-09-04 22:56:00",5.92328925139842
2010-09-05,5.69999054,101.5470401,"6:15 ",1.63624617374468,"2010-09-05 06:15:00",1.37687160983619
2010-09-13,5.7493208,101.4826977,"2:46 ",0.724311639577647,"2010-09-13 02:46:00",0.611448447058161
2010-09-13,5.77990352,101.466649,"22:11",5.80758308601113,"2010-09-13 22:11:00",5.68016769874811
2010-09-15,5.72713432,101.4576553,"0:05 ",0.0218166156499291,"2010-09-15 00:05:00",0.0184308079645834
2010-09-16,5.77990352,101.466649,"5:32 ",1.44862327915529,"2010-09-16 05:32:00",1.22457196422019
2010-09-18,5.78509954,101.5051743,"3:39 ",0.955567765466895,"2010-09-18 03:39:00",0.808882851984361
2010-09-22,5.79226959,101.5613554,"6:46 ",1.77150919077424,"2010-09-22 06:46:00",1.50334335916095
2010-09-23,5.74399402,101.5159516,"23:22",6.11737902824013,"2010-09-23 23:22:00",6.07691820903455
2010-09-28,5.71391053,101.6134423,"1:56 ",0.506145483078355,"2010-09-28 01:56:00",0.430948891737651
2010-09-28,5.71391053,101.6134423,"18:49",4.926191813754,"2010-09-28 18:49:00",4.63148525841875
2010-09-29,5.80095274,101.548128,"23:49",6.23518875274974,"2010-09-29 23:49:00",6.22412944983498
2010-09-30,5.80038151,101.4928892,"21:31",5.6330501608117,"2010-09-30 21:31:00",5.48397529286359
2010-10-02,5.6815734,101.6041874,"18:44",4.90437519810407,"2010-10-02 18:44:00",4.6179632027594
2010-10-04,5.6815734,101.6041874,"19:45",5.1705379090332,"2010-10-04 19:45:00",4.92622162359527
2010-10-04,5.76835325,101.5574178,"21:51",5.72031662341142,"2010-10-04 21:51:00",5.59637231602647
2010-10-04,5.6815734,101.6041874,"22:01",5.76394985471127,"2010-10-04 22:01:00",5.64993558817357
2010-10-06,5.80801089,101.5979368,"9:36 ",2.51327412287183,"2010-10-06 09:36:00",2.24253465445564
2010-10-07,5.75242764,101.5441191,"20:23",5.33634418797266,"2010-10-07 20:23:00",5.13291713086521
2010-10-08,5.75984923,101.5169345,"5:44 ",1.50098315671512,"2010-10-08 05:44:00",1.28172509132424
2010-10-10,5.80801089,101.5979368,"1:05 ",0.283616003449079,"2010-10-10 01:05:00",0.242502797660522
2010-10-10,5.80177869,101.575676,"17:21",4.54221937831524,"2010-10-10 17:21:00",4.27135923998428
2010-10-10,5.75738813,101.4317233,"22:32",5.89921287174083,"2010-10-10 22:32:00",5.81805129307622
2010-10-11,5.80095274,101.548128,"21:00",5.49778714378214,"2010-10-11 21:00:00",5.33464740785698
2010-10-12,5.80038151,101.4928892,"20:01",5.24035107911297,"2010-10-12 20:01:00",5.02451189824805
2010-10-12,5.80095274,101.548128,"20:14",5.29707427980279,"2010-10-12 20:14:00",5.09383926935845
2010-10-12,5.79327701,101.5928502,"21:34",5.64614013020166,"2010-10-12 21:34:00",5.51527550067681
2010-10-12,5.80095274,101.548128,"22:42",5.94284610304069,"2010-10-12 22:42:00",5.87270304633866
2010-10-12,5.76404638,101.6176125,"23:29",6.14792229015003,"2010-10-12 23:29:00",6.12018144822854
2010-10-13,5.71391053,101.6134423,"2:03 ",0.536688744988256,"2010-10-13 02:03:00",0.459344489905549
2010-10-13,5.80801089,101.5979368,"6:47 ",1.77587251390423,"2010-10-13 06:47:00",1.51952330456074
2010-10-13,5.80801089,101.5979368,"20:22",5.33198086484268,"2010-10-13 20:22:00",5.13824153707776
2010-10-13,5.75279468,101.5049839,"22:07",5.79012979349119,"2010-10-13 22:07:00",5.68887732193018
2010-10-14,5.76559502,101.573272,"19:56",5.21853446346304,"2010-10-14 19:56:00",5.0027589027098
2010-10-15,5.76849357,101.5983534,"7:37 ",1.99403867040352,"2010-10-15 07:37:00",1.72985141493783
2010-10-15,5.76851653,101.5437676,"21:19",5.58069028325187,"2010-10-15 21:19:00",5.43901882501888
2010-10-15,5.76404638,101.6176125,"23:53",6.25264204526969,"2010-10-15 23:53:00",6.24651913382029
2010-10-16,5.74399402,101.5159516,"21:26",5.61123354516177,"2010-10-16 21:26:00",5.47635012681465
2010-10-17,5.73067744,101.5521608,"19:32",5.11381470834339,"2010-10-17 19:32:00",4.88134243145187
2010-10-18,5.80801089,101.5979368,"0:34 ",0.148352986419518,"2010-10-18 00:34:00",0.127028641348672
2010-10-18,5.73074868,101.4562666,"4:56 ",1.2915436464758,"2010-10-18 04:56:00",1.10453904913004
2010-10-18,5.73074868,101.4562666,"22:12",5.81194640914112,"2010-10-18 22:12:00",5.71820083795052
2010-10-18,5.76404638,101.6176125,"23:41",6.20028216770986,"2010-10-18 23:41:00",6.18401008495173
2010-10-19,5.76501801,101.5816904,"21:08",5.53269372882202,"2010-10-19 21:08:00",5.38593517752201
2010-10-20,5.76404638,101.6176125,"6:45 ",1.76714586764426,"2010-10-20 06:45:00",1.51373535616735
2010-10-20,5.75864198,101.4760143,"7:15 ",1.89804556154383,"2010-10-20 07:15:00",1.63276786904487
2010-10-20,5.73074868,101.4562666,"23:19",6.10428905885017,"2010-10-20 23:19:00",6.06915190937769
2010-10-20,5.82124197,101.555837,"23:41",6.20028216770986,"2010-10-20 23:41:00",6.18415268841251
2010-10-21,5.74929616,101.4927325,"3:37 ",0.946841119206924,"2010-10-21 03:37:00",0.810131438893625
2010-10-23,5.80095274,101.548128,"20:41",5.41488400431241,"2010-10-23 20:41:00",5.24875211861133
2010-10-24,5.7213581,101.5962365,"7:31 ",1.96785873162361,"2010-10-24 07:31:00",1.70507613829871
2010-10-24,5.76404638,101.6176125,"7:32 ",1.97222205475359,"2010-10-24 07:32:00",1.70968917510451
2010-10-25,5.8011332,101.5646072,"6:13 ",1.62751952748471,"2010-10-25 06:13:00",1.39308190186922
2010-10-25,5.73074868,101.4562666,"20:21",5.32761754171269,"2010-10-25 20:21:00",5.14504007783936
2010-10-26,5.75738813,101.4317233,"2:16 ",0.593411945678072,"2010-10-26 02:16:00",0.507290063190975
2010-10-27,5.8354229,101.5525387,"1:36 ",0.418879020478639,"2010-10-27 01:36:00",0.358384965631728
2010-10-27,5.75510323,101.536483,"18:12",4.76474885794452,"2010-10-27 18:12:00",4.51521238717691
2010-10-27,5.73074868,101.4562666,"21:04",5.51524043630208,"2010-10-27 21:04:00",5.36987128829653
2010-10-28,5.69700038,101.4879955,"6:11 ",1.61879288122474,"2010-10-28 06:11:00",1.38435055168479
2010-10-30,5.69999054,101.5470401,"4:27 ",1.16500727570622,"2010-10-30 04:27:00",0.996402975856434
2010-10-30,5.68629358,101.5410979,"15:06",3.95317075576716,"2010-10-30 15:06:00",3.70061027019292
2010-10-30,5.76404638,101.6176125,"23:29",6.14792229015003,"2010-10-30 23:29:00",6.1229790688817
2010-10-31,5.72710708,101.5803619,"5:31 ",1.44425995602531,"2010-10-31 05:31:00",1.23524114235386
2010-11-01,5.72710708,101.5803619,"18:55",4.95237175253391,"2010-11-01 18:55:00",4.70821434974581
2010-11-01,5.72710708,101.5803619,"22:13",5.8163097322711,"2010-11-01 22:13:00",5.73039725598059
2010-11-03,5.75279468,101.5049839,"1:35 ",0.414515697348653,"2010-11-03 01:35:00",0.353908813104507
2010-11-03,5.7281145,101.5952621,"5:31 ",1.44425995602531,"2010-11-03 05:31:00",1.2342148698428
2010-11-05,5.77178145,101.5019622,"19:57",5.22289778659303,"2010-11-05 19:57:00",5.02847591997367
2010-11-06,5.75279468,101.5049839,"22:42",5.94284610304069,"2010-11-06 22:42:00",5.88050526722559
2010-11-06,5.74399402,101.5159516,"23:55",6.26136869152966,"2010-11-06 23:55:00",6.25737531166866
2010-11-07,5.66293121,101.5693969,"0:28 ",0.122173047639603,"2010-11-07 00:28:00",0.104223452962695
2010-11-07,5.73074868,101.4562666,"0:29 ",0.126536370769589,"2010-11-07 00:29:00",0.107809467048877
2010-11-07,5.74402294,101.5271506,"1:26 ",0.375245789178781,"2010-11-07 01:26:00",0.31991273469615
2010-11-07,5.74872217,101.5948421,"3:07 ",0.815941425307349,"2010-11-07 03:07:00",0.69606377514371
2010-11-09,5.66293121,101.5693969,"19:49",5.18799120155314,"2010-11-09 19:49:00",4.98844540889645
2010-11-09,5.72792281,101.5385737,"20:10",5.27962098728285,"2010-11-09 20:10:00",5.09664037807731
2010-11-10,5.73074868,101.4562666,"2:58 ",0.776671517137477,"2010-11-10 02:58:00",0.660710675836694
2010-11-10,5.73074868,101.4562666,"5:30 ",1.43989663289532,"2010-11-10 05:30:00",1.22491305070848
2010-11-12,5.73067744,101.5521608,"2:52 ",0.750491578357562,"2010-11-12 02:52:00",0.6382635677031
2010-11-13,5.77178145,101.5019622,"22:05",5.78140314723122,"2010-11-13 22:05:00",5.68955541042831
2010-11-14,5.8354229,101.5525387,"16:31",4.32405322181595,"2010-11-14 16:31:00",4.0744737554663
2010-11-15,5.72710708,101.5803619,"20:35",5.38870406553249,"2010-11-15 20:35:00",5.22543895770093
2010-11-19,5.76072958,101.4918439,"1:42 ",0.445058959258554,"2010-11-19 01:42:00",0.376356478095164
2010-11-19,5.74402294,101.5271506,"23:03",6.03447588877039,"2010-11-19 23:03:00",5.98845093302923
2010-11-20,5.78438951,101.6038493,"0:46 ",0.200712863979348,"2010-11-20 00:46:00",0.169755975643287
2010-11-20,5.73074868,101.4562666,"3:28 ",0.907571211037051,"2010-11-20 03:28:00",0.766661640922969
2010-11-20,5.74399402,101.5159516,"5:54 ",1.54461638801498,"2010-11-20 05:54:00",1.30551392945389
2010-11-20,5.73074868,101.4562666,"20:02",5.24471440224296,"2010-11-20 20:02:00",5.05064662117315
2010-11-21,5.76849357,101.5983534,"5:06 ",1.33517687777566,"2010-11-21 05:06:00",1.12831848826112
2010-11-21,5.73074868,101.4562666,"21:51",5.72031662341142,"2010-11-21 21:51:00",5.6147613383307
2010-11-21,5.83367879,101.5044575,"23:08",6.05629250442032,"2010-11-21 23:08:00",6.01405381132016
2010-11-23,5.73074868,101.4562666,"2:10 ",0.567232006898157,"2010-11-23 02:10:00",0.477929916874715
2010-11-23,5.7213581,101.5962365,"19:56",5.21853446346304,"2010-11-23 19:56:00",5.01957421732425
2010-11-23,5.73074868,101.4562666,"22:14",5.82067305540109,"2010-11-23 22:14:00",5.73327257318853
2010-11-23,5.8354229,101.5525387,"23:36",6.17846555205993,"2010-11-23 23:36:00",6.15889569178398
2010-11-25,5.75510323,101.536483,"22:44",5.95157274930066,"2010-11-25 22:44:00",5.88879970811645
2010-11-26,5.73074868,101.4562666,"2:34 ",0.671951762017817,"2010-11-26 02:34:00",0.564599449939116
2010-11-26,5.75738813,101.4317233,"5:36 ",1.46607657167524,"2010-11-26 05:36:00",1.23147011270407
2010-11-26,5.73074868,101.4562666,"20:47",5.44106394309232,"2010-11-26 20:47:00",5.27966431720469
2010-11-26,5.72713432,101.4576553,"20:59",5.49342382065215,"2010-11-26 20:59:00",5.34205940466427
2010-11-27,5.73074868,101.4562666,"2:59 ",0.781034840267462,"2010-11-27 02:59:00",0.655643097811091
2010-11-27,5.72713432,101.4576553,"3:18 ",0.863937979737193,"2010-11-27 03:18:00",0.725236499254727
2010-11-27,5.69731847,101.5592375,"15:31",4.0622538340168,"2010-11-27 15:31:00",3.79657087950737
2010-11-27,5.69999054,101.5470401,"19:48",5.18362787842316,"2010-11-27 19:48:00",4.97317755973674
2010-11-28,5.73074868,101.4562666,"2:25 ",0.632681853847944,"2010-11-28 02:25:00",0.530571419152681
2010-11-29,5.83181818,101.5740774,"19:00",4.97418836818384,"2010-11-29 19:00:00",4.72244707123853
2010-11-30,5.73074868,101.4562666,"20:41",5.41488400431241,"2010-11-30 20:41:00",5.2446854100627
2010-12-01,5.73074868,101.4562666,"3:01 ",0.789761486527434,"2010-12-01 03:01:00",0.660299907450845
2010-12-02,5.73074868,101.4562666,"20:28",5.35816080362259,"2010-12-02 20:28:00",5.17457246376666
2010-12-03,5.74402294,101.5271506,"0:57 ",0.248709418409192,"2010-12-03 00:57:00",0.207634346138389
2010-12-03,5.73074868,101.4562666,"22:44",5.95157274930066,"2010-12-03 22:44:00",5.88531654918455
2010-12-04,5.71911209,101.5631041,"2:04 ",0.541052068118242,"2010-12-04 02:04:00",0.451399176182079
2010-12-04,5.73074868,101.4562666,"3:18 ",0.863937979737193,"2010-12-04 03:18:00",0.720031653444588
2010-12-04,5.73074868,101.4562666,"21:56",5.74213323906134,"2010-12-04 21:56:00",5.63330905342026
2010-12-05,5.73074868,101.4562666,"3:07 ",0.815941425307349,"2010-12-05 03:07:00",0.679322185732298
2010-12-06,5.83181818,101.5740774,"6:50 ",1.78896248329419,"2010-12-06 06:50:00",1.48884910376645
2010-12-07,5.75279468,101.5049839,"0:46 ",0.200712863979348,"2010-12-07 00:46:00",0.166803811394479
2010-12-10,5.73074868,101.4562666,"0:08 ",0.0349065850398866,"2010-12-10 00:08:00",0.028902604242019
2010-12-10,5.73074868,101.4562666,"4:41 ",1.22609379952602,"2010-12-10 04:41:00",1.01520397400092
2010-12-11,5.83181818,101.5740774,"6:20 ",1.65806278939461,"2010-12-11 06:20:00",1.37224247101129
2010-12-11,5.73074868,101.4562666,"22:16",5.82939970166106,"2010-12-11 22:16:00",5.7331730138627
2010-12-11,5.73067744,101.5521608,"23:40",6.19591884457987,"2010-12-11 23:40:00",6.17755004646709
2010-12-12,5.8354229,101.5525387,"4:28 ",1.1693705988362,"2010-12-12 04:28:00",0.966495941488557
2010-12-12,5.74872217,101.5948421,"23:09",6.06065582755031,"2010-12-12 23:09:00",6.0136190035515
2010-12-15,5.73074868,101.4562666,"0:23 ",0.100356431989674,"2010-12-15 00:23:00",0.0826293714636334
2010-12-15,5.73074868,101.4562666,"6:02 ",1.57952297305487,"2010-12-15 06:02:00",1.30051445521023
2010-12-16,5.75334428,101.5849648,"19:51",5.19671784781312,"2010-12-16 19:51:00",4.95904734395012
2010-12-17,5.73074868,101.4562666,"3:41 ",0.964294411726867,"2010-12-17 03:41:00",0.792178880055541
2010-12-17,5.73074868,101.4562666,"21:58",5.75085988532132,"2010-12-17 21:58:00",5.632207041192
2010-12-18,5.73074868,101.4562666,"23:58",6.27445866091961,"2010-12-18 23:58:00",6.27249658819941
2010-12-19,5.8354229,101.5525387,"15:20",4.01425727958696,"2010-12-19 15:20:00",3.70821984342043
2010-12-21,5.73074868,101.4562666,"20:15",5.30143760293278,"2010-12-21 20:15:00",5.07481158721086
2010-12-21,5.73074868,101.4562666,"23:51",6.24391539900971,"2010-12-21 23:51:00",6.23485035838084
2010-12-22,5.73074868,101.4562666,"3:05 ",0.807214779047377,"2010-12-22 03:05:00",0.659499176466577
2010-12-22,5.73074868,101.4562666,"19:44",5.16617458590322,"2010-12-22 19:44:00",4.90604880149639
2010-12-22,5.74872217,101.5948421,"20:09",5.27525766415286,"2010-12-22 20:09:00",5.04301230294277
2010-12-22,5.73074868,101.4562666,"21:46",5.69850000776149,"2010-12-22 21:46:00",5.56234041748604
2010-12-23,5.73074868,101.4562666,"0:47 ",0.205076187109334,"2010-12-23 00:47:00",0.167364855917241
2010-12-23,5.73074868,101.4562666,"6:50 ",1.78896248329419,"2010-12-23 06:50:00",1.45999129629933
2010-12-23,5.73074868,101.4562666,"22:35",5.91230284113079,"2010-12-23 22:35:00",5.82517482941079
2010-12-24,5.73074868,101.4562666,"20:28",5.35816080362259,"2010-12-24 20:28:00",5.13895616522385
2010-12-24,5.73074868,101.4562666,"22:56",6.00393262686049,"2010-12-24 22:56:00",5.93775764168351
2010-12-25,5.73074868,101.4562666,"1:23 ",0.362155819788823,"2010-12-25 01:23:00",0.294935177296632
2010-12-25,5.73074868,101.4562666,"3:59 ",1.04283422806661,"2010-12-25 03:59:00",0.84927117317946
2010-12-25,5.73074868,101.4562666,"21:07",5.52833040569204,"2010-12-25 21:07:00",5.34784421768148
2010-12-25,5.73074868,101.4562666,"22:21",5.85121631731099,"2010-12-25 22:21:00",5.74793231376737
2010-12-26,5.73074868,101.4562666,"0:24 ",0.10471975511966,"2010-12-26 00:24:00",0.0851925242207318
2010-12-26,5.73074868,101.4562666,"2:10 ",0.567232006898157,"2010-12-26 02:10:00",0.461459506195631
2010-12-26,5.73074868,101.4562666,"6:33 ",1.71478599008443,"2010-12-26 06:33:00",1.39502758411448
2010-12-27,5.80438773,101.5659262,"21:46",5.69850000776149,"2010-12-27 21:46:00",5.55766095103373
2010-12-27,5.75482302,101.5929743,"23:38",6.1871921983199,"2010-12-27 23:38:00",6.16407621070847
2010-12-28,5.75279468,101.5049839,"2:11 ",0.571595330028143,"2010-12-28 02:11:00",0.464222406700552
2010-12-28,5.82165252,101.4208421,"3:38 ",0.95120444233691,"2010-12-28 03:38:00",0.771739321431741
2011-01-02,5.72713432,101.4576553,"2:09 ",0.562868683768171,"2011-01-02 02:09:00",0.454775326153681
2011-01-02,5.73074868,101.4562666,"2:54 ",0.759218224617533,"2011-01-02 02:54:00",0.613394937413081
2011-01-08,5.83181818,101.5740774,"17:50",4.66875574908483,"2011-01-08 17:50:00",4.33212088705672
2011-01-09,5.76675667,101.497394,"3:02 ",0.79412480965742,"2011-01-09 03:02:00",0.637969869773507
2011-01-09,5.71688803,101.5038507,"21:02",5.50651379004211,"2011-01-09 21:02:00",5.29635561481668
2011-01-09,5.73074868,101.4562666,"23:50",6.23955207587973,"2011-01-09 23:50:00",6.22771280593904
2011-01-10,5.7988177,101.5943387,"6:43 ",1.75841922138429,"2011-01-10 06:43:00",1.41264756878419
2011-01-12,5.76675667,101.497394,"3:50 ",1.00356431989674,"2011-01-12 03:50:00",0.804490232316555
2011-01-12,5.79105178,101.5298007,"4:01 ",1.05156087432658,"2011-01-12 04:01:00",0.843122304582561
2011-01-12,5.76404638,101.6176125,"7:57 ",2.08130513300324,"2011-01-12 07:57:00",1.6966520663439
2011-01-12,5.76831696,101.5192497,"19:41",5.15308461651326,"2011-01-12 19:41:00",4.84101498233067
2011-01-12,5.79537559,101.5190133,"23:00",6.02138591938044,"2011-01-12 23:00:00",5.94913126792736
2011-01-13,5.75825088,101.5906515,"22:43",5.94720942617068,"2011-01-13 22:43:00",5.85415314461426
2011-01-16,5.80277974,101.5148758,"3:19 ",0.868301302867179,"2011-01-16 03:19:00",0.694332450093701
2011-01-16,5.75482302,101.5929743,"6:25 ",1.67987940504454,"2011-01-16 06:25:00",1.34445126343926
2011-01-16,5.77990352,101.466649,"20:34",5.38434074240251,"2011-01-16 20:34:00",5.12814678024848
2011-01-16,5.7493208,101.4826977,"21:16",5.56760031386191,"2011-01-16 21:16:00",5.3636947744216
2011-01-18,5.66293121,101.5693969,"1:57 ",0.510508806208341,"2011-01-18 01:57:00",0.408180278145481
2011-01-18,5.75642388,101.515547,"22:48",5.96902604182061,"2011-01-18 22:48:00",5.87849541382594
2011-01-19,5.67424896,101.5783906,"0:48 ",0.20943951023932,"2011-01-19 00:48:00",0.167384223967488
2011-01-19,5.72713432,101.4576553,"1:14 ",0.322885911618951,"2011-01-19 01:14:00",0.257726458407647
2011-01-19,5.71762246,101.5516885,"7:26 ",1.94604211597368,"2011-01-19 07:26:00",1.5547031736151
2011-01-19,5.79537559,101.5190133,"21:34",5.64614013020166,"2011-01-19 21:34:00",5.46158417135899
2011-01-20,5.79105178,101.5298007,"21:38",5.6635934227216,"2011-01-20 21:38:00",5.48309056787831
2011-01-20,5.76729915,101.4656411,"21:48",5.70722665402146,"2011-01-20 21:48:00",5.53863405287259
2011-01-21,5.75190612,101.5089666,"1:49 ",0.475602221168455,"2011-01-21 01:49:00",0.37942781079367
2011-01-21,5.79105178,101.5298007,"22:34",5.90793951800081,"2011-01-21 22:34:00",5.79795368324151
2011-01-22,5.74399402,101.5159516,"22:02",5.76831317784126,"2011-01-22 22:02:00",5.61620449911266
2011-02-02,5.79537559,101.5190133,"3:04 ",0.802851455917392,"2011-02-02 03:04:00",0.638850302000945
2011-02-02,5.79105178,101.5298007,"23:18",6.09992573572018,"2011-02-02 23:18:00",6.04290324189349
2011-02-03,5.83181818,101.5740774,"1:22 ",0.357792496658838,"2011-02-03 01:22:00",0.284820444012342
2011-02-05,5.73562486,101.5082547,"4:34 ",1.19555053761612,"2011-02-05 04:34:00",0.951506691691529
2011-02-06,5.69999054,101.5470401,"3:46 ",0.986111027376796,"2011-02-06 03:46:00",0.785224441175949
2011-02-06,5.76675667,101.497394,"20:18",5.31452757232273,"2011-02-06 20:18:00",5.00816964155448
2011-02-06,5.72713432,101.4576553,"21:07",5.52833040569204,"2011-02-06 21:07:00",5.28886491005
2011-02-06,5.79105178,101.5298007,"21:41",5.67668339211156,"2011-02-06 21:41:00",5.48530228351984
2011-02-07,5.7493208,101.4826977,"20:16",5.30580092606276,"2011-02-07 20:16:00",4.99534887503639
2011-02-08,5.72605993,101.4796272,"7:28 ",1.95476876223365,"2011-02-08 07:28:00",1.55603483560887
2011-02-08,5.74718962,101.4679643,"8:01 ",2.09875842552318,"2011-02-08 08:01:00",1.69687614762898
2011-02-08,5.72713432,101.4576553,"21:11",5.54578369821198,"2011-02-08 21:11:00",5.31049066573224
2011-02-09,5.79537559,101.5190133,"4:01 ",1.05156087432658,"2011-02-09 04:01:00",0.837371977343934
2011-02-09,5.79105178,101.5298007,"6:47 ",1.77587251390423,"2011-02-09 06:47:00",1.41430743677942
2011-02-09,5.79105178,101.5298007,"21:42",5.68104671524154,"2011-02-09 21:42:00",5.48944714131472
2011-02-09,5.79537559,101.5190133,"22:23",5.85994296357096,"2011-02-09 22:23:00",5.72516573677451
2011-02-10,5.76372326,101.5635304,"2:57 ",0.772308194007491,"2011-02-10 02:57:00",0.615453126381177
2011-02-11,5.71762246,101.5516885,"8:06 ",2.12057504117311,"2011-02-11 08:06:00",1.72167823977068
2011-02-11,5.79537559,101.5190133,"21:04",5.51524043630208,"2011-02-11 21:04:00",5.26958254451817
2011-02-12,5.70033461,101.5967605,"7:06 ",1.85877565337396,"2011-02-12 07:06:00",1.48273706008116
2011-02-13,5.79537559,101.5190133,"4:49 ",1.2610003845659,"2011-02-13 04:49:00",1.0053374785599
2011-02-13,5.79105178,101.5298007,"6:36 ",1.72787595947439,"2011-02-13 06:36:00",1.37770840622542
2011-02-15,5.79105178,101.5298007,"0:53 ",0.231256125889249,"2011-02-15 00:53:00",0.184533315571605
2011-02-15,5.72713432,101.4576553,"3:21 ",0.877027949127151,"2011-02-15 03:21:00",0.699472130160856
2011-02-15,5.7599618,101.5487622,"7:12 ",1.88495559215388,"2011-02-15 07:12:00",1.50445408086774
2011-02-15,5.79247897,101.4876399,"8:42 ",2.2776546738526,"2011-02-15 08:42:00",1.8806296179007
2011-02-15,5.69674406,101.5635753,"19:57",5.22289778659303,"2011-02-15 19:57:00",4.88166701303176
2011-02-15,5.73681282,101.5258207,"20:04",5.25344104850293,"2011-02-15 20:04:00",4.92145664381386
2011-02-15,5.7988177,101.5943387,"22:57",6.00829594999048,"2011-02-15 22:57:00",5.92011754912133
2011-02-16,5.79537559,101.5190133,"0:57 ",0.248709418409192,"2011-02-16 00:57:00",0.198526365027293
2011-02-18,5.74399402,101.5159516,"2:53 ",0.754854901487548,"2011-02-18 02:53:00",0.603146741838901
2011-02-18,5.75482302,101.5929743,"23:57",6.27009533778963,"2011-02-18 23:57:00",6.26587837574645
2011-02-19,5.75825088,101.5906515,"1:17 ",0.335975881008908,"2011-02-19 01:17:00",0.268770750334892
2011-02-19,5.68436072,101.5946832,"5:37 ",1.47043989480522,"2011-02-19 05:37:00",1.17648263613708
2011-02-19,5.72713432,101.4576553,"21:11",5.54578369821198,"2011-02-19 21:11:00",5.30601507689123
2011-02-20,5.71762246,101.5516885,"7:24 ",1.93731546971371,"2011-02-20 07:24:00",1.55019686396296
2011-02-20,5.76501801,101.5816904,"21:40",5.67232006898157,"2011-02-20 21:40:00",5.47513281498306
2011-02-21,5.76372326,101.5635304,"20:59",5.49342382065215,"2011-02-21 20:59:00",5.23810486185749
2011-02-22,5.79105178,101.5298007,"1:37 ",0.423242343608625,"2011-02-22 01:37:00",0.33895794082334
2011-02-22,5.79105178,101.5298007,"3:12 ",0.837758040957278,"2011-02-22 03:12:00",0.670927058124549
2011-02-22,5.7988177,101.5943387,"18:47",4.91746516749402,"2011-02-22 18:47:00",4.53386455673356
2011-02-24,5.7988177,101.5943387,"4:47 ",1.25227373830593,"2011-02-24 04:47:00",1.00475884058572
2011-02-25,5.79105178,101.5298007,"21:35",5.65050345333164,"2011-02-25 21:35:00",5.44550429436142
2011-02-25,5.73681282,101.5258207,"22:53",5.99084265747054,"2011-02-25 22:53:00",5.89604771698184
2011-02-26,5.76675667,101.497394,"2:06 ",0.549778714378214,"2011-02-26 02:06:00",0.441375960994961
2011-02-27,5.79105178,101.5298007,"2:02 ",0.53232542185827,"2011-02-27 02:02:00",0.42779332956837
2011-02-27,5.8354229,101.5525387,"4:41 ",1.22609379952602,"2011-02-27 04:41:00",0.985473917904367
2011-02-27,5.79105178,101.5298007,"5:26 ",1.42244334037538,"2011-02-27 05:26:00",1.14311988064991
2011-02-27,5.79105178,101.5298007,"23:08",6.05629250442032,"2011-02-27 23:08:00",5.9828123885966
2011-03-01,5.74399402,101.5159516,"7:37 ",1.99403867040352,"2011-03-01 07:37:00",1.61307554162145
2011-03-02,5.72713432,101.4576553,"0:18 ",0.0785398163397448,"2011-03-02 00:18:00",0.0632299676831341
2011-03-04,5.82124197,101.555837,"2:18 ",0.602138591938044,"2011-03-04 02:18:00",0.485958510905012
2011-03-04,5.74591406,101.4914195,"21:15",5.56323699073193,"2011-03-04 21:15:00",5.33042929472588
2011-03-04,5.80277974,101.5148758,"23:31",6.15664893641,"2011-03-04 23:31:00",6.11580300522459
2011-03-05,5.76501801,101.5816904,"4:38 ",1.21300383013606,"2011-03-05 04:38:00",0.980095115809631
2011-03-05,5.80277974,101.5148758,"13:02",3.41211868764891,"2011-03-05 13:02:00",3.03363825543506
2011-03-05,5.74399402,101.5159516,"23:14",6.08247244320024,"2011-03-05 23:14:00",6.01773111528919
2011-03-07,5.71762246,101.5516885,"4:37 ",1.20864050700607,"2011-03-07 04:37:00",0.978106288686493
2011-03-08,5.76675667,101.497394,"19:50",5.19235452468313,"2011-03-08 19:50:00",4.84164692223474
2011-03-08,5.72710708,101.5803619,"20:27",5.35379748049261,"2011-03-08 20:27:00",5.05642063738988
2011-03-11,5.79537559,101.5190133,"5:05 ",1.33081355464568,"2011-03-11 05:05:00",1.08070125870697
2011-03-12,5.74399402,101.5159516,"2:27 ",0.641408500107916,"2011-03-12 02:27:00",0.521372204957325
2011-03-13,5.76831696,101.5192497,"1:00 ",0.261799387799149,"2011-03-13 01:00:00",0.213021426070279
2011-03-15,5.7988177,101.5943387,"20:12",5.28834763354282,"2011-03-15 20:12:00",4.97442754175208
2011-03-16,5.7493208,101.4826977,"0:27 ",0.117809724509617,"2011-03-16 00:27:00",0.0961239772374771
2011-03-16,5.76675667,101.497394,"23:15",6.08683576633022,"2011-03-16 23:15:00",6.02464165426894
2011-03-16,5.7988177,101.5943387,"23:54",6.25700536839967,"2011-03-16 23:54:00",6.24876108622347
2011-03-17,5.79537559,101.5190133,"21:18",5.57632696012188,"2011-03-17 21:18:00",5.35322183437861
2011-03-17,5.76404638,101.6176125,"22:40",5.93411945678072,"2011-03-17 22:40:00",5.82458653772423
2011-03-20,5.73473034,101.5382178,"1:58 ",0.514872129338327,"2011-03-20 01:58:00",0.42209040510505
2011-03-30,5.72713432,101.4576553,"4:03 ",1.06028752058656,"2011-03-30 04:03:00",0.878017575704248
2011-04-02,5.65168948,101.5372295,"1:19 ",0.34470252726888,"2011-04-02 01:19:00",0.286555616711227
2011-04-06,5.65165445,101.4860035,"6:41 ",1.74969257512432,"2011-04-06 06:41:00",1.45993586057423
2011-04-08,5.72713432,101.4576553,"4:42 ",1.230457122656,"2011-04-08 04:42:00",1.02859529584619
2011-04-10,5.71756043,101.5739202,"6:42 ",1.7540558982543,"2011-04-10 06:42:00",1.47079221282193
2011-04-11,5.72811082,101.4164284,"0:10 ",0.0436332312998582,"2011-04-11 00:10:00",0.0365698353281444
2011-04-12,5.71245602,101.5124635,"22:06",5.7857664703612,"2011-04-12 22:06:00",5.63749739400188
2011-04-13,5.72811082,101.4164284,"1:26 ",0.375245789178781,"2011-04-13 01:26:00",0.315099679130026
2011-04-13,5.6990376,101.490927,"6:33 ",1.71478599008443,"2011-04-13 06:33:00",1.44088451668185
2011-04-14,5.71117602,101.5991132,"23:38",6.1871921983199,"2011-04-14 23:38:00",6.15881803562433
